1,то,то,PRON,_,Animacy=Inan|Case=Nom|Gender=Neut|Number=Sing,_,_,_,@sgf1960m-words#@sgf1960m#273.365#273.865
2,как,как,SCONJ,_,_,_,_,_,@sgf1960m-words#@sgf1960m#273.865#274.365
3,работаю,работать,VERB,_,Aspect=Imp|Mood=Ind|Number=Sing|Person=1|Tense=Pres|VerbForm=Fin|Voice=Act,_,_,_,@sgf1960m-words#@sgf1960m#274.365#274.865
4,я,я,PRON,_,Case=Nom|Number=Sing|Person=1,_,_,_,@sgf1960m-words#@sgf1960m#274.865#275.365
5,это,это,PRON,_,Animacy=Inan|Case=Acc|Gender=Neut|Number=Sing,_,_,_,@sgf1960m-words#@sgf1960m#275.365#275.865
6,приближено,приблизить,VERB,_,Aspect=Perf|Gender=Neut|Number=Sing|Tense=Past|Variant=Short|VerbForm=Part|Voice=Pass,_,_,_,@sgf1960m-words#@sgf1960m#275.87#276.396
7,к,к,ADP,_,_,_,_,_,@sgf1960m-words#@sgf1960m#276.396#276.922
8,тому,то,PRON,_,Animacy=Inan|Case=Dat|Gender=Neut|Number=Sing,_,_,_,@sgf1960m-words#@sgf1960m#276.922#277.448
9,как,как,SCONJ,_,_,_,_,_,@sgf1960m-words#@sgf1960m#277.448#277.975
10,крестьяне,крестьянин,NOUN,_,Animacy=Anim|Case=Nom|Gender=Masc|Number=Plur,_,_,_,@sgf1960m-words#@sgf1960m#277.975#278.461
11,раньше,ранее,ADV,_,Degree=Cmp,_,_,_,@sgf1960m-words#@sgf1960m#278.461#278.947
12,в,в,ADP,_,_,_,_,_,@sgf1960m-words#@sgf1960m#278.947#279.433
13,избе,изба,NOUN,_,Animacy=Inan|Case=Loc|Gender=Fen|Number=Sing,_,_,_,@sgf1960m-words#@sgf1960m#279.433#279.919
14,работали,работать,VERB,_,Aspect=Imp|Mood=Ind|Number=Plur|Tense=Past|VerbForm=Fin|Voice=Act,_,_,_,@sgf1960m-words#@sgf1960m#279.919#280.405
15,[нрзб],[нрзб],X,_,_,_,_,_,@sgf1960m-words#@sgf1960m#280.425#281.051
16,в,в,ADP,_,_,_,_,_,@sgf1960m-words#@sgf1960m#281.051#281.677
17,деревнях,деревня,NOUN,_,Animacy=Inan|Case=Loc|Gender=Fem|Number=Plur,_,_,_,@sgf1960m-words#@sgf1960m#281.677#282.305
18,вот,вот,PART,_,_,_,_,_,@sgf1960m-words#@sgf1960m#283.4#283.9
19,и,и,PART,_,_,_,_,_,@sgf1960m-words#@sgf1960m#283.9#284.4
20,работали,работать,VERB,_,Aspect=Imp|Mood=Ind|Number=Plur|Tense=Past|VerbForm=Fin|Voice=Act,_,_,_,@sgf1960m-words#@sgf1960m#285.625#286.043
21,там,там,ADV,_,Degree=Pos,_,_,_,@sgf1960m-words#@sgf1960m#286.043#286.461
22,же,же,PART,_,_,_,_,_,@sgf1960m-words#@sgf1960m#286.461#286.879
23,где,где,ADV,_,Degree=Pos,_,_,_,@sgf1960m-words#@sgf1960m#286.879#287.297
24,живут,жить,VERB,_,Aspect=Imp|Mood=Ind|Number=Plur|Person=3|Tense=Pres|VerbForm=Fin|Voice=Act,_,_,_,@sgf1960m-words#@sgf1960m#287.297#287.715
25,потому,потому,ADV,_,Degree=Pos,_,_,_,@sgf1960m-words#@sgf1960m#289.024#289.716
26,что,что,SCONJ,_,_,_,_,_,@sgf1960m-words#@sgf1960m#289.716#290.409
27,крестьянин,крестьянин,NOUN,_,Animacy=Anim|Case=Nom|Gender=Masc|Number=Sing,_,_,_,@sgf1960m-words#@sgf1960m#291.564#291.956
28,не,не,PART,_,_,_,_,_,@sgf1960m-words#@sgf1960m#291.956#292.348
29,мог,мочь,VERB,_,Aspect=Imp|Gender=Masc|Mood=Ind|Number=Sing|Tense=Past|VerbForm=Fin|Voice=Act,_,_,_,@sgf1960m-words#@sgf1960m#292.348#292.74
30,себе,себя,PRON,_,Case=Dat,_,_,_,@sgf1960m-words#@sgf1960m#292.74#293.132
31,позволить,позволить,VERB,_,Aspect=Perf|VerbForm=Inf|Voice=Act,_,_,_,@sgf1960m-words#@sgf1960m#293.132#293.524
32,иметь,иметь,VERB,_,Aspect=Imp|VerbForm=Inf|Voice=Act,_,_,_,@sgf1960m-words#@sgf1960m#293.524#293.916
33,несколько,несколько,NUM,_,Animacy=Inan|Case=Acc,_,_,_,@sgf1960m-words#@sgf1960m#293.916#294.719
34,домов,дом,NOUN,_,Animacy=Inan|Case=Gen|Gender=Masc|Number=Plur,_,_,_,@sgf1960m-words#@sgf1960m#294.719#295.522
35,хотя,хотя,SCONJ,_,_,_,_,_,@sgf1960m-words#@sgf1960m#296.706#297.012
36,были,быть,AUX,_,Aspect=Imp|Mood=Ind|Number=Plur|Tense=Past|VerbForm=Fin|Voice=Act,_,_,_,@sgf1960m-words#@sgf1960m#297.012#297.318
37,и,и,PART,_,_,_,_,_,@sgf1960m-words#@sgf1960m#297.318#297.624
38,такие,такой,DET,_,Case=Nom|Number=Plur,_,_,_,@sgf1960m-words#@sgf1960m#297.624#297.93
39,у,у,ADP,_,_,_,_,_,@sgf1960m-words#@sgf1960m#297.93#298.236
40,которых,который,PRON,_,Case=Gen|Degree=Pos|Number=Plur,_,_,_,@sgf1960m-words#@sgf1960m#298.236#298.542
41,было,быть,VERB,_,Aspect=Imp|Gender=Neut|Mood=Ind|Number=Sing|Tense=Past|VerbForm=Fin|Voice=Act,_,_,_,@sgf1960m-words#@sgf1960m#298.542#298.854
42,жилье,жилье,NOUN,_,Animacy=Inan|Case=Nom|Gender=Neut|Number=Sing,_,_,_,@sgf1960m-words#@sgf1960m#300.601#301.082
43,отдельное,отдельный,ADJ,_,Case=Nom|Degree=Pos|Gender=Neut|Number=Sing,_,_,_,@sgf1960m-words#@sgf1960m#301.082#301.563
44,и,и,CCONJ,_,_,_,_,_,@sgf1960m-words#@sgf1960m#301.563#302.044
45,был,быть,AUX,_,Aspect=Imp|Gender=Masc|Mood=Ind|Number=Sing|Tense=Past|VerbForm=Fin|Voice=Act,_,_,_,@sgf1960m-words#@sgf1960m#302.044#302.525
46,ещё,еще,ADV,_,Degree=Pos,_,_,_,@sgf1960m-words#@sgf1960m#302.525#303.006
47,один,один,NUM,_,Animacy=Inan|Case=Nom|Gender=Masc,_,_,_,@sgf1960m-words#@sgf1960m#303.006#303.487
48,дом,дом,NOUN,_,Animacy=Inan|Case=Nom|Gender=Masc|Number=Sing,_,_,_,@sgf1960m-words#@sgf1960m#303.487#303.968
49,где,где,ADV,_,Degree=Pos,_,_,_,@sgf1960m-words#@sgf1960m#303.968#304.449
50,он,он,PRON,_,Case=Nom|Gender=Masc|Number=Sing|Person=3,_,_,_,@sgf1960m-words#@sgf1960m#304.449#304.93
51,работал,работать,VERB,_,Aspect=Imp|Gender=Masc|Mood=Ind|Number=Sing|Tense=Past|VerbForm=Fin|Voice=Act,_,_,_,@sgf1960m-words#@sgf1960m#304.93#305.412
52,но,но,CCONJ,_,_,_,_,_,@sgf1960m-words#@sgf1960m#306.206#306.605
53,это,это,PRON,_,Animacy=Inan|Case=Nom|Gender=Neut|Number=Sing,_,_,_,@sgf1960m-words#@sgf1960m#306.605#307.004
54,обычно,обычно,ADV,_,Degree=Pos,_,_,_,@sgf1960m-words#@sgf1960m#307.004#307.403
55,если,если,SCONJ,_,_,_,_,_,@sgf1960m-words#@sgf1960m#308.297#308.743
56,очень,очень,ADV,_,Degree=Pos,_,_,_,@sgf1960m-words#@sgf1960m#308.743#309.189
57,состоятельный,состоятельный,ADJ,_,Case=Nom|Degree=Pos|Gender=Masc|Number=Sing,_,_,_,@sgf1960m-words#@sgf1960m#309.189#309.635
58,был,быть,AUX,_,Aspect=Imp|Gender=Masc|Mood=Ind|Number=Sing|Tense=Past|VerbForm=Fin|Voice=Act,_,_,_,@sgf1960m-words#@sgf1960m#309.635#310.081
59,крестьянин,крестьянин,VERB,_,Animacy=Anim|Case=Nom|Gender=Masc|Number=Sing,_,_,_,@sgf1960m-words#@sgf1960m#310.081#310.527
60,то,то,PRON,_,Animacy=Inan|Case=Nom|Gender=Neut|Number=Sing,_,_,_,@sgf1960m-words#@sgf1960m#310.527#310.973
61,есть,быть,VERB,_,Aspect=Imp|Mood=Ind|Number=Sing|Person=3|Tense=Pres|VerbForm=Fin|Voice=Act,_,_,_,@sgf1960m-words#@sgf1960m#310.973#311.419
62,этот,этот,DET,_,Case=Nom|Gender=Masc|Number=Sing,_,_,_,@sgf1960m-words#@sgf1960m#311.419#311.865
63,ээ,ээ,INJ,_,_,_,_,_,@sgf1960m-words#@sgf1960m#311.865#312.311
64,ремесленник,ремесленник,NOUN,_,Animacy=Anim|Case=Nom|Gender=Masc|Number=Sing,_,_,_,@sgf1960m-words#@sgf1960m#312.311#312.757
65,вот,вот,PART,_,_,_,_,_,@sgf1960m-words#@sgf1960m#312.757#313.203
66,таких,такой,DET,_,Case=Gen|Number=Plur,_,_,_,@sgf1960m-words#@sgf1960m#313.203#313.649
67,на,на,ADP,_,_,_,_,_,@sgf1960m-words#@sgf1960m#313.649#314.095
68,Руси,Русь,PROPN,_,Animacy=Inan|Case=Gen|Gender=Fem|Number=Sing,_,_,_,@sgf1960m-words#@sgf1960m#314.095#314.541
69,было,быть,AUX,_,Aspect=Imp|Gender=Neut|Mood=Ind|Number=Sing|Tense=Past|VerbForm=Fin|Voice=Act,_,_,_,@sgf1960m-words#@sgf1960m#314.541#314.987
70,маловато,маловато,ADV,_,Degree=Pos,_,_,_,@sgf1960m-words#@sgf1960m#314.987#315.433
71,потому,потому,ADV,_,Degree=Pos,_,_,_,@sgf1960m-words#@sgf1960m#315.433#315.879
72,что,что,SCONJ,_,_,_,_,_,@sgf1960m-words#@sgf1960m#315.879#316.325
73,надо,надо,ADV,_,Degree=Pos,_,_,_,@sgf1960m-words#@sgf1960m#316.325#316.771
74,же,же,PART,_,_,_,_,_,@sgf1960m-words#@sgf1960m#316.771#317.217
75,ээ,ээ,INTJ,_,_,_,_,_,@sgf1960m-words#@sgf1960m#317.217#317.663
76,зимой,зима,NOUN,_,Animacy=Inan|Case=Ins|Gender=Fem|Number=Sing,_,_,_,@sgf1960m-words#@sgf1960m#317.663#318.109
77,топить,топить,VERB,_,Aspect=Imp|VerbForm=Inf|Voice=Act,_,_,_,@sgf1960m-words#@sgf1960m#318.109#318.555
78,д...,два,NUM,_,Animacy=Inan|Case=Acc|Gender=Fem,_,_,_,@sgf1960m-words#@sgf1960m#318.555#319.001
79,две,два,NUM,_,Animacy=Inan|Case=Acc|Gender=Fem,_,_,_,@sgf1960m-words#@sgf1960m#319.001#319.447
80,избы,изба,NOUN,_,Animacy=Inan|Case=Gen|Gender=Fem|Number=Sing,_,_,_,@sgf1960m-words#@sgf1960m#319.447#319.893
81,получается,получаться,VERB,_,Aspect=Imp|Mood=Ind|Number=Sing|Person=3|Tense=Pres|VerbForm=Fin|Voice=Mid,_,_,_,@sgf1960m-words#@sgf1960m#319.893#320.345
82,избу,изба,NOUN,_,Animacy=Anim|Case=Acc|Gender=Fem|Number=Sing,_,_,_,@sgf1960m-words#@sgf1960m#321.059#321.651
83,натопить,натопить,VERB,_,Aspect=Perf|VerbForm=Inf|Voice=Act,_,_,_,@sgf1960m-words#@sgf1960m#321.651#322.243
84,это,это,PRON,_,Animacy=Inan|Case=Nom|Gender=Neut|Number=Sing,_,_,_,@sgf1960m-words#@sgf1960m#322.243#322.835
85,значит,значить,VERB,_,Aspect=Imp|Mood=Ind|Number=Sing|Person=3|Tense=Pres|VerbForm=Fin|Voice=Act,_,_,_,@sgf1960m-words#@sgf1960m#322.835#323.427
86,ээ,ээ,INTJ,_,_,_,_,_,@sgf1960m-words#@sgf1960m#323.427#324.023
87,осенью,осень,NOUN,_,Animacy=Inan|Case=Ins|Gender=Fem|Number=Sing,_,_,_,@sgf1960m-words#@sgf1960m#326.82#327.308
88,идешь,идти,VERB,_,Aspect=Imp|Mood=Ind|Number=Sing|Person=2|Tense=Pres|VerbForm=Fin|Voice=Act,_,_,_,@sgf1960m-words#@sgf1960m#327.308#327.796
89,в,в,ADP,_,_,_,_,_,@sgf1960m-words#@sgf1960m#327.796#328.284
90,лес,лес,NOUN,_,Animacy=Inan|Case=Acc|Gender=Masc|Number=Sing,_,_,_,@sgf1960m-words#@sgf1960m#328.284#328.772
91,не,не,PART,_,_,_,_,_,@sgf1960m-words#@sgf1960m#328.772#329.26
92,один,один,NUM,_,Animacy=Inan|Case=Nom|Gender=Masc,_,_,_,@sgf1960m-words#@sgf1960m#329.26#329.748
93,топором,топор,NOUN,_,Animacy=Inan|Case=Ins|Gender=Masc|Number=Sing,_,_,_,@sgf1960m-words#@sgf1960m#330.421#331.083
94,валишь,валить,VERB,_,Aspect=Imp|Mood=Ind|Number=Sing|Person=2|Tense=Pres|VerbForm=Fin|Voice=Act,_,_,_,@sgf1960m-words#@sgf1960m#331.083#331.745
95,дерево,дерево,NOUN,_,Animacy=Inan|Case=Acc|Gender=Neut|Number=Sing,_,_,_,@sgf1960m-words#@sgf1960m#331.745#332.409
96,и,и,CCONJ,_,_,_,_,_,@sgf1960m-words#@sgf1960m#333.938#334.527
97,пилой,пила,NOUN,_,Animacy=Inan|Case=Ins|Gender=Fem|Number=Sing,_,_,_,@sgf1960m-words#@sgf1960m#334.527#335.117
98,двуручкой,двуручка,NOUN,_,Animacy=Inan|Case=Ins|Gender=Fem|Number=Sing,_,_,_,@sgf1960m-words#@sgf1960m#336.202#336.69
99,щёлкаешь,щёлкать,VERB,_,Aspect=Imp|Mood=Ind|Number=Sing|Person=2|Tense=Pres|VerbForm=Fin|Voice=Act,_,_,_,@sgf1960m-words#@sgf1960m#336.69#337.178
100,это,этот,PRON,_,Animacy=Inan|Case=Acc|Gender=Neut|Number=Sing,_,_,_,@sgf1960m-words#@sgf1960m#337.178#337.666
101,целыми,целый,ADJ,_,Case=Ins|Degree=Pos|Number=Plur,_,_,_,@sgf1960m-words#@sgf1960m#337.666#338.154
102,днями,день,NOUN,_,Animacy=Inan|Case=Ins|Gender=Masc|Number=Plur,_,_,_,@sgf1960m-words#@sgf1960m#338.154#338.642
103,и,и,CCONJ,_,_,_,_,_,@sgf1960m-words#@sgf1960m#338.642#339.13
104,неделями,неделя,NOUN,_,Animacy=Inan|Case=Ins|Gender=Fem|Number=Plur,_,_,_,@sgf1960m-words#@sgf1960m#339.13#339.618
105,пока,пока,ADV,_,Degree=Pos,_,_,_,@sgf1960m-words#@sgf1960m#339.618#340.106
106,н...,не,PART,_,_,_,_,_,@sgf1960m-words#@sgf1960m#340.106#340.594
107,не,не,PART,_,_,_,_,_,@sgf1960m-words#@sgf1960m#340.594#341.082
108,нащёлкаешь,нащёлкать,VERB,_,Aspect=Perf|Mood=Ind|Number=Sing|Person=2|Tense=Fut|VerbForm=Fin|Voice=Act,_,_,_,@sgf1960m-words#@sgf1960m#341.082#341.57
109,на,на,ADP,_,_,_,_,_,@sgf1960m-words#@sgf1960m#341.57#342.058
110,зиму,зима,NOUN,_,Animacy=Inan|Case=Acc|Gender=Fem|Number=Sing,_,_,_,@sgf1960m-words#@sgf1960m#342.058#342.546
111,себе,себя,PRON,_,Case=Dat,_,_,_,@sgf1960m-words#@sgf1960m#342.546#343.034
112,дров,дрова,NOUN,_,Animacy=Inan|Case=Gen|Gender=Neut|Number=Plur,_,_,_,@sgf1960m-words#@sgf1960m#343.034#343.522
113,потом,потом,ADV,_,Degree=Pos,_,_,_,@sgf1960m-words#@sgf1960m#343.522#344.01
114,телегой,телега,NOUN,_,Animacy=Inan|Case=Ins|Gender=Fem|Number=Sing,_,_,_,@sgf1960m-words#@sgf1960m#344.01#344.498
115,это,это,PRON,_,Animacy=Inan|Case=Nom|Gender=Neut|Number=Sing,_,_,_,@sgf1960m-words#@sgf1960m#344.498#344.986
116,всё,весь,DET,_,Case=Nom|Gender=Neut|Number=Sing,_,_,_,@sgf1960m-words#@sgf1960m#344.986#345.474
117,вывозилось,вывозиться,VERB,_,Aspect=Imp|Gender=Neut|Mood=Ind|Number=Sing|Tense=Past|VerbForm=Fin|Voice=Mid,_,_,_,@sgf1960m-words#@sgf1960m#345.474#345.977
118,или,или,CCONJ,_,_,_,_,_,@sgf1960m-words#@sgf1960m#346.61#347.159
119,санями,сани,NOUN,_,Animacy=Inan|Case=Ins|Gender=Masc|Number=Plur,_,_,_,@sgf1960m-words#@sgf1960m#347.159#347.709
120,в,в,ADP,_,_,_,_,_,@sgf1960m-words#@sgf1960m#348.307#348.882
121,общем,общий,ADJ,_,Case=Loc|Degree=Pos|Gender=Neut|Number=Sing,_,_,_,@sgf1960m-words#@sgf1960m#348.882#349.457
122,заготовка,заготовка,NOUN,_,Animacy=Inan|Case=Nom|Gender=Fem|Number=Sing,_,_,_,@sgf1960m-words#@sgf1960m#349.457#350.032
123,дров,дрова,NOUN,_,Animacy=Inan|Case=Gen|Gender=Neut|Number=Plur,_,_,_,@sgf1960m-words#@sgf1960m#350.032#350.607
124,это,это,PRED,_,_,_,_,_,@sgf1960m-words#@sgf1960m#350.607#351.182
125,очень,очень,ADV,_,Degree=Pos,_,_,_,@sgf1960m-words#@sgf1960m#351.182#351.757
126,длительное,длительный,ADJ,_,Case=Nom|Degree=Pos|Gender=Neut|Number=Sing,_,_,_,@sgf1960m-words#@sgf1960m#351.757#352.332
127,время,время,NOUN,_,Animacy=Inan|Case=Nom|Gender=Neut|Number=Sing,_,_,_,@sgf1960m-words#@sgf1960m#352.332#352.907
128,и,и,PART,_,_,_,_,_,@sgf1960m-words#@sgf1960m#352.907#353.482
129,очень,очень,ADV,_,Degree=Pos,_,_,_,@sgf1960m-words#@sgf1960m#353.482#354.057
130,трудоемкая,трудоемкий,ADJ,_,Case=Nom|Degree=Pos|Gender=Fem|Number=Sing,_,_,_,@sgf1960m-words#@sgf1960m#354.057#354.632
131,операция,операция,NOUN,_,Animacy=Inan|Case=Nom|Gender=Fem|Number=Sing,_,_,_,@sgf1960m-words#@sgf1960m#354.632#355.208
132,вот,вот,PART,_,_,_,_,_,@sgf1960m-words#@sgf1960m#355.792#356.102
133,а,а,CCONJ,_,_,_,_,_,@sgf1960m-words#@sgf1960m#356.496#356.989
134,крестьянин,крестьянин,NOUN,_,Animacy=Anim|Case=Nom|Gender=Masc|Number=Sing,_,_,_,@sgf1960m-words#@sgf1960m#356.989#357.482
135,занимался,заниматься,VERB,_,Aspect=Imp|Gender=Masc|Mood=Ind|Number=Sing|Tense=Past|VerbForm=Fin|Voice=Mid,_,_,_,@sgf1960m-words#@sgf1960m#357.482#357.977
136,производством,производство,NOUN,_,Animacy=Inan|Case=Ins|Gender=Neut|Number=Sing,_,_,_,@sgf1960m-words#@sgf1960m#359.068#360.068
137,глиняной,глиняный,ADJ,_,Case=Gen|Degree=Pos|Gender=Fem|Number=Sing,_,_,_,@sgf1960m-words#@sgf1960m#361.389#361.944
138,посуды,посуда,NOUN,_,Animacy=Inan|Case=Gen|Gender=Fem|Number=Sing,_,_,_,@sgf1960m-words#@sgf1960m#361.944#362.5
139,только,только,PART,_,_,_,_,_,@sgf1960m-words#@sgf1960m#363.541#364.368
140,зимой,зима,NOUN,_,Animacy=Inan|Case=Ins|Gender=Fem|Number=Sing,_,_,_,@sgf1960m-words#@sgf1960m#364.984#365.503
141,потому,потому,ADV,_,Degree=Pos,_,_,_,@sgf1960m-words#@sgf1960m#366.372#366.762
142,что,что,SCONJ,_,_,_,_,_,@sgf1960m-words#@sgf1960m#366.762#367.152
143,летом,лето,NOUN,_,Animacy=Inan|Case=Ins|Gender=Neut|Number=Sing,_,_,_,@sgf1960m-words#@sgf1960m#367.152#367.542
144,у,у,ADP,_,_,_,_,_,@sgf1960m-words#@sgf1960m#367.542#367.932
145,него,он,PRON,_,Case=Gen|Gender=Masc|Number=Sing|Person=3,_,_,_,@sgf1960m-words#@sgf1960m#367.932#368.322
146,своих,свой,DET,_,Case=Gen|Number=Plur,_,_,_,@sgf1960m-words#@sgf1960m#368.322#368.712
147,работ,работа,NOUN,_,Animacy=Inan|Case=Gen|Gender=Fem|Number=Plur,_,_,_,@sgf1960m-words#@sgf1960m#368.712#369.102
148,хватало,хватать,VERB,_,Aspect=Imp|Gender=Neut|Mood=Ind|Number=Sing|Tense=Past|VerbForm=Fin|Voice=Act,_,_,_,@sgf1960m-words#@sgf1960m#369.102#369.496
149,и,и,CCONJ,_,_,_,_,_,@sgf1960m-words#@sgf1960m#369.878#370.504
150,по,по,ADP,_,_,_,_,_,@sgf1960m-words#@sgf1960m#370.504#371.13
151,огороду,огород,NOUN,_,Animacy=Inan|Case=Dat|Gender=Masc|Number=Sing,_,_,_,@sgf1960m-words#@sgf1960m#371.13#371.756
152,по,по,ADP,_,_,_,_,_,@sgf1960m-words#@sgf1960m#371.756#372.382
153,земле,земля,NOUN,_,Animacy=Inan|Case=Dat|Gender=Fem|Number=Sing,_,_,_,@sgf1960m-words#@sgf1960m#372.382#373.008
154,пахать,пахать,VERB,_,Aspect=Imp|VerbForm=Inf|Voice=Act,_,_,_,@sgf1960m-words#@sgf1960m#373.008#373.634
155,сеять,сеять,VERB,_,Aspect=Imp|VerbForm=Inf|Voice=Act,_,_,_,@sgf1960m-words#@sgf1960m#373.634#374.26
156,и,и,CCONJ,_,_,_,_,_,@sgf1960m-words#@sgf1960m#374.26#374.886
157,прочее,прочий,ADJ,_,Case=Acc|Degree=Pos|Gender=Neut|Number=Sing,_,_,_,@sgf1960m-words#@sgf1960m#374.886#375.52
158,вот,вот,PART,_,_,_,_,_,@sgf1960m-words#@sgf1960m#376.31#376.692
159,и,и,PART,_,_,_,_,_,@sgf1960m-words#@sgf1960m#377.531#378.086
160,там,там,ADV,_,Degree=Pos,_,_,_,@sgf1960m-words#@sgf1960m#378.086#378.641
161,мог,мочь,VERB,_,Aspect=Imp|Gender=Masc|Mood=Ind|Number=Sing|Tense=Past|VerbForm=Fin|Voice=Act,_,_,_,@sgf1960m-words#@sgf1960m#378.641#379.196
162,на,на,ADP,_,_,_,_,_,@sgf1960m-words#@sgf1960m#379.196#379.751
163,какие-то,какой-то,DET,_,Case=Acc|Number=Plur,_,_,_,@sgf1960m-words#@sgf1960m#379.751#380.306
164,заработки,заработок,NOUN,_,Animacy=Inan|Case=Acc|Gender=Masc|Number=Plur,_,_,_,@sgf1960m-words#@sgf1960m#380.306#380.861
165,куда-то,куда-то,ADV,_,Degree=Pos,_,_,_,@sgf1960m-words#@sgf1960m#380.861#381.416
166,если,если,SCONJ,_,_,_,_,_,@sgf1960m-words#@sgf1960m#381.416#381.971
167,он,он,PRON,_,Case=Nom|Gender=Masc|Number=Sing|Person=3,_,_,_,@sgf1960m-words#@sgf1960m#381.971#382.526
168,был,быть,AUX,_,Aspect=Imp|Gender=Masc|Mood=Ind|Number=Sing|Tense=Past|VerbForm=Fin|Voice=Act,_,_,_,@sgf1960m-words#@sgf1960m#382.526#383.081
169,специалист,специалист,NOUN,_,Animacy=Anim|Case=Nom|Gender=Masc|Number=Sing,_,_,_,@sgf1960m-words#@sgf1960m#383.081#383.636
170,ещё,еще,ADV,_,Degree=Pos,_,_,_,@sgf1960m-words#@sgf1960m#383.636#384.191
171,по,по,ADP,_,_,_,_,_,@sgf1960m-words#@sgf1960m#384.191#384.746
172,строительству,строительство,NOUN,_,Animacy=Inan|Case=Dat|Gender=Neut|Number=Sing,_,_,_,@sgf1960m-words#@sgf1960m#384.746#385.301
173,там,там,ADV,_,Degree=Pos,_,_,_,@sgf1960m-words#@sgf1960m#385.301#385.856
174,и,и,PART,_,_,_,_,_,@sgf1960m-words#@sgf1960m#385.856#386.411
175,строили,строить,VERB,_,Aspect=Imp|Mood=Ind|Number=Plur|Tense=Past|VerbForm=Fin|Voice=Act,_,_,_,@sgf1960m-words#@sgf1960m#386.411#386.966
176,где-то,где-то,ADV,_,Degree=Pos,_,_,_,@sgf1960m-words#@sgf1960m#386.966#387.521
177,кому-то,кто-то,PRON,_,Case=Dat,_,_,_,@sgf1960m-words#@sgf1960m#387.521#388.076
178,что-то,что-то,PRON,_,Case=Acc,_,_,_,@sgf1960m-words#@sgf1960m#388.076#388.631
179,вот,вот,PART,_,_,_,_,_,@sgf1960m-words#@sgf1960m#388.631#389.186
180,поэтому,поэтому,ADV,_,Degree=Pos,_,_,_,@sgf1960m-words#@sgf1960m#389.186#389.741
181,у,у,ADP,_,_,_,_,_,@sgf1960m-words#@sgf1960m#389.741#390.296
182,него,он,PRON,_,Case=Gen|Gender=Masc|Number=Sing|Person=3,_,_,_,@sgf1960m-words#@sgf1960m#390.296#390.851
183,сезон,сезон,NOUN,_,Animacy=Anim|Case=Nom|Gender=Masc|Number=Sing,_,_,_,@sgf1960m-words#@sgf1960m#390.851#391.406
184,начинался,начинаться,VERB,_,Aspect=Imp|Gender=Masc|Mood=Ind|Number=Sing|Tense=Past|VerbForm=Fin|Voice=Mid,_,_,_,@sgf1960m-words#@sgf1960m#391.406#391.961
185,когда,когда,SCONJ,_,_,_,_,_,@sgf1960m-words#@sgf1960m#391.961#392.516
186,уже,уже,ADV,_,Degree=Pos,_,_,_,@sgf1960m-words#@sgf1960m#392.516#393.071
187,сельхоз,сельскохозяйственный,ADJ,_,Degree=Pos|Gender=Fem|Number=Plur|Variant=Short,_,_,_,@sgf1960m-words#@sgf1960m#393.071#393.626
188,работы,работа,NOUN,_,Animacy=Inan|Case=Nom|Gender=Fem|Number=Plur,_,_,_,@sgf1960m-words#@sgf1960m#393.626#394.181
189,закончились,закончиться,VERB,_,Aspect=Perf|Mood=Ind|Number=Plur|Tense=Past|VerbForm=Fin|Voice=Mid,_,_,_,@sgf1960m-words#@sgf1960m#394.181#394.736
190,и,и,PART,_,_,_,_,_,@sgf1960m-words#@sgf1960m#394.736#395.291
191,всё,все,PART,_,_,_,_,_,@sgf1960m-words#@sgf1960m#395.291#395.846
192,вот,вот,PART,_,_,_,_,_,@sgf1960m-words#@sgf1960m#395.846#396.401
193,дров,дрова,NOUN,_,Animacy=Inan|Case=Gen|Gender=Neut|Number=Plur,_,_,_,@sgf1960m-words#@sgf1960m#396.401#396.956
194,заготовил,заготовить,VERB,_,Aspect=Perf|Gender=Masc|Mood=Ind|Number=Sing|Tense=Past|VerbForm=Fin|Voice=Act,_,_,_,@sgf1960m-words#@sgf1960m#396.956#397.511
195,глины,глина,NOUN,_,Animacy=Inan|Case=Gen|Gender=Fem|Number=Sing,_,_,_,@sgf1960m-words#@sgf1960m#397.511#398.066
196,заготовил,заготовить,VERB,_,Aspect=Perf|Gender=Masc|Mood=Ind|Number=Sing|Tense=Past|VerbForm=Fin|Voice=Act,_,_,_,@sgf1960m-words#@sgf1960m#398.066#398.621
197,до,до,ADP,_,_,_,_,_,@sgf1960m-words#@sgf1960m#398.621#399.176
198,снега,снег,NOUN,_,Animacy=Inan|Case=Gen|Gender=Masc|Number=Sing,_,_,_,@sgf1960m-words#@sgf1960m#399.176#399.749
199,и,и,CCONJ,_,_,_,_,_,@sgf1960m-words#@sgf1960m#400.9#401.573
200,начал,начать,VERB,_,Aspect=Perf|Gender=Masc|Mood=Ind|Number=Sing|Tense=Past|VerbForm=Fin|Voice=Act,_,_,_,@sgf1960m-words#@sgf1960m#401.573#402.246
201,работать,работать,VERB,_,Aspect=Imp|VerbForm=Inf|Voice=Act,_,_,_,@sgf1960m-words#@sgf1960m#402.246#402.92
202,и,и,PART,_,_,_,_,_,@sgf1960m-words#@sgf1960m#403.68#404.057
203,до,до,ADP,_,_,_,_,_,@sgf1960m-words#@sgf1960m#404.057#404.434
204,весны,весна,NOUN,_,Animacy=Inan|Case=Gen|Gender=Fem|Number=Sing,_,_,_,@sgf1960m-words#@sgf1960m#404.434#404.811
205,как,как,SCONJ,_,_,_,_,_,@sgf1960m-words#@sgf1960m#404.811#405.188
206,только,только,PART,_,_,_,_,_,@sgf1960m-words#@sgf1960m#405.188#405.565
207,стало,стать,VERB,_,Aspect=Perf|Gender=Neut|Mood=Ind|Number=Sing|Tense=Past|VerbForm=Fin|Voice=Mid,_,_,_,@sgf1960m-words#@sgf1960m#405.565#405.942
208,таять,таять,VERB,_,Aspect=Imp|VerbForm=Inf|Voice=Act,_,_,_,@sgf1960m-words#@sgf1960m#405.942#406.32
209,на,на,ADP,_,_,_,_,_,@sgf1960m-words#@sgf1960m#407.202#407.614
210,улице,улица,NOUN,_,Animacy=Inan|Case=Loc|Gender=Fem|Number=Sing,_,_,_,@sgf1960m-words#@sgf1960m#407.614#408.026
211,он,он,PRON,_,Case=Nom|Gender=Masc|Number=Sing|Person=3,_,_,_,@sgf1960m-words#@sgf1960m#408.741#409.214
212,уже,уже,ADV,_,Degree=Pos,_,_,_,@sgf1960m-words#@sgf1960m#409.214#409.687
213,готовится,готовиться,VERB,_,Aspect=Imp|Mood=Ind|Number=Sing|Person=3|Tense=Pres|VerbForm=Fin|Voice=Mid,_,_,_,@sgf1960m-words#@sgf1960m#409.875#410.605
214,опять,опять,ADV,_,Degree=Pos,_,_,_,@sgf1960m-words#@sgf1960m#410.605#411.335
215,к,к,ADP,_,_,_,_,_,@sgf1960m-words#@sgf1960m#412.355#412.877
216,сельскому,сельский,ADJ,_,Case=Dat|Degree=Pos|Gender=Neut|Number=Sing,_,_,_,@sgf1960m-words#@sgf1960m#412.877#413.399
217,хозяйству,хозяйство,NOUN,_,Animacy=Inan|Case=Dat|Gender=Neut|Number=Sing,_,_,_,@sgf1960m-words#@sgf1960m#413.399#413.922
218,а,а,CCONJ,_,_,_,_,_,@sgf1960m-words#@sgf1960m#414.318#414.581
219,вот,вот,PART,_,_,_,_,_,@sgf1960m-words#@sgf1960m#414.581#414.844
220,э,э,INTJ,_,_,_,_,_,@sgf1960m-words#@sgf1960m#414.844#415.107
221,вот,вот,PART,_,_,_,_,_,@sgf1960m-words#@sgf1960m#415.107#415.37
222,так,так,ADV,_,Degree=Pos,_,_,_,@sgf1960m-words#@sgf1960m#415.37#415.633
223,что,что,SCONJ,_,_,_,_,_,@sgf1960m-words#@sgf1960m#415.633#415.896
224,вот,вот,PART,_,_,_,_,_,@sgf1960m-words#@sgf1960m#415.896#416.159
225,у,у,ADP,_,_,_,_,_,@sgf1960m-words#@sgf1960m#416.159#416.422
226,него,он,PRON,_,Case=Gen|Gender=Masc|Number=Sing|Person=3,_,_,_,@sgf1960m-words#@sgf1960m#416.422#416.685
227,сезон,сезон,NOUN,_,Animacy=Anim|Case=Nom|Gender=Masc|Number=Sing,_,_,_,@sgf1960m-words#@sgf1960m#416.685#416.948
228,гончарный,гончарный,ADJ,_,Case=Nom|Degree=Pos|Gender=Masc|Number=Sing,_,_,_,@sgf1960m-words#@sgf1960m#416.948#417.211
229,был,быть,AUX,_,Aspect=Imp|Gender=Masc|Mood=Ind|Number=Sing|Tense=Past|VerbForm=Fin|Voice=Act,_,_,_,@sgf1960m-words#@sgf1960m#417.211#417.474
230,это,этот,PRED,_,_,_,_,_,@sgf1960m-words#@sgf1960m#417.474#417.737
231,вот,вот,PART,_,_,_,_,_,@sgf1960m-words#@sgf1960m#417.737#418.0
232,зима,зима,NOUN,_,Animacy=Inan|Case=Nom|Gender=Fem|Number=Sing,_,_,_,@sgf1960m-words#@sgf1960m#418.0#418.263
233,вот,вот,PART,_,_,_,_,_,@sgf1960m-words#@sgf1960m#419.562#419.956
234,обычно,обычно,ADV,_,Degree=Pos,_,_,_,@sgf1960m-words#@sgf1960m#420.807#421.429
235,тут,тут,ADV,_,Degree=Pos,_,_,_,@sgf1960m-words#@sgf1960m#421.429#422.051
236,ему,он,PRON,_,Case=Dat|Gender=Masc|Number=Sing|Person=3,_,_,_,@sgf1960m-words#@sgf1960m#422.051#422.673
237,помогала,помогать,VERB,_,Aspect=Imp|Gender=Fem|Mood=Ind|Number=Sing|Tense=Past|VerbForm=Fin|Voice=Act,_,_,_,@sgf1960m-words#@sgf1960m#422.673#423.295
238,вся,весь,DET,_,Case=Nom|Gender=Fem|Number=Sing,_,_,_,@sgf1960m-words#@sgf1960m#423.295#423.917
239,семья,семья,NOUN,_,Animacy=Inan|Case=Nom|Gender=Fem|Number=Sing,_,_,_,@sgf1960m-words#@sgf1960m#423.917#424.539
240,если,если,SCONJ,_,_,_,_,_,@sgf1960m-words#@sgf1960m#424.539#425.161
241,семья,семья,NOUN,_,Animacy=Inan|Case=Nom|Gender=Fem|Number=Sing,_,_,_,@sgf1960m-words#@sgf1960m#425.161#425.783
242,была,быть,AUX,_,Aspect=Imp|Gender=Fem|Mood=Ind|Number=Sing|Tense=Past|VerbForm=Fin|Voice=Act,_,_,_,@sgf1960m-words#@sgf1960m#425.783#426.405
243,большая,большой,ADJ,_,Case=Nom|Degree=Pos|Gender=Fem|Number=Sing,_,_,_,@sgf1960m-words#@sgf1960m#426.405#427.027
244,было,быть,AUX,_,Aspect=Imp|Gender=Neut|Mood=Ind|Number=Sing|Tense=Past|VerbForm=Fin|Voice=Act,_,_,_,@sgf1960m-words#@sgf1960m#427.027#427.649
245,кому,кто,PRON,_,Case=Dat,_,_,_,@sgf1960m-words#@sgf1960m#427.649#428.271
246,помочь,помочь,VERB,_,Aspect=Perf|VerbForm=Inf|Voice=Act,_,_,_,@sgf1960m-words#@sgf1960m#428.271#428.893
247,одни,один,DET,_,Case=Nom|Degree=Pos|Number=Plur,_,_,_,@sgf1960m-words#@sgf1960m#428.893#429.515
248,готовили,готовить,VERB,_,Aspect=Imp|Mood=Ind|Number=Plur|Tense=Past|VerbForm=Fin|Voice=Act,_,_,_,@sgf1960m-words#@sgf1960m#429.515#430.137
249,глину,глина,NOUN,_,Animacy=Inan|Case=Acc|Gender=Fem|Number=Sing,_,_,_,@sgf1960m-words#@sgf1960m#430.137#430.759
250,другие,другой,ADJ,_,Case=Nom|Degree=Pos|Number=Plur,_,_,_,@sgf1960m-words#@sgf1960m#430.759#431.381
251,лощили,лощить,VERB,_,Aspect=Imp|Mood=Ind|Number=Plur|Tense=Past|VerbForm=Fin|Voice=Act,_,_,_,@sgf1960m-words#@sgf1960m#431.381#432.018
252,и,и,CCONJ,_,_,_,_,_,@sgf1960m-words#@sgf1960m#433.66#434.008
253,что-то,что-то,PRON,_,Case=Acc,_,_,_,@sgf1960m-words#@sgf1960m#434.545#434.904
254,ещё,еще,ADV,_,Degree=Pos,_,_,_,@sgf1960m-words#@sgf1960m#434.904#435.263
255,может,мочь,VERB,_,Aspect=Imp|Mood=Ind|Number=Sing|Person=3|Tense=Pres|VerbForm=Fin|Voice=Act,_,_,_,@sgf1960m-words#@sgf1960m#435.263#435.622
256,помогали,помогать,VERB,_,Aspect=Imp|Mood=Ind|Number=Plur|Tense=Past|VerbForm=Fin|Voice=Act,_,_,_,@sgf1960m-words#@sgf1960m#435.622#435.981
257,ему,он,PRON,_,Case=Dat|Gender=Masc|Number=Sing|Person=3,_,_,_,@sgf1960m-words#@sgf1960m#435.981#436.34
258,там,там,ADV,_,Degree=Pos,_,_,_,@sgf1960m-words#@sgf1960m#436.34#436.699
259,в,в,ADP,_,_,_,_,_,@sgf1960m-words#@sgf1960m#436.699#437.058
260,лепке,лепка,NOUN,_,Animacy=Inan|Case=Loc|Gender=Fem|Number=Sing,_,_,_,@sgf1960m-words#@sgf1960m#437.058#437.417
261,вот,вот,PART,_,_,_,_,_,@sgf1960m-words#@sgf1960m#438.518#438.756
262,и,и,PART,_,_,_,_,_,@sgf1960m-words#@sgf1960m#438.756#438.995
263,за,за,ADP,_,_,_,_,_,@sgf1960m-words#@sgf1960m#439.797#440.432
264,сезон,сезон,NOUN,_,Animacy=Inan|Case=Acc|Gender=Masc|Number=Sing,_,_,_,@sgf1960m-words#@sgf1960m#440.432#441.067
265,крестьянин,крестьянин,NOUN,_,Animacy=Anim|Case=Nom|Gender=Masc|Number=Sing,_,_,_,@sgf1960m-words#@sgf1960m#441.067#441.702
266,мог,мочь,VERB,_,Aspect=Imp|Gender=Masc|Mood=Ind|Number=Sing|Tense=Past|VerbForm=Fin|Voice=Act,_,_,_,@sgf1960m-words#@sgf1960m#441.702#442.337
267,заработать,заработать,VERB,_,Aspect=Perf|VerbForm=Inf|Voice=Act,_,_,_,@sgf1960m-words#@sgf1960m#442.337#442.972
268,на,на,ADP,_,_,_,_,_,@sgf1960m-words#@sgf1960m#442.972#443.607
269,новый,новый,ADJ,_,Animacy=Inan|Case=Acc|Degree=Pos|Gender=Masc|Number=Sing,_,_,_,@sgf1960m-words#@sgf1960m#443.607#444.242
270,дом,дом,NOUN,_,Animacy=Inan|Case=Acc|Gender=Masc|Number=Sing,_,_,_,@sgf1960m-words#@sgf1960m#444.242#444.88
271,в,в,ADP,_,_,_,_,_,@sgf1960m-words#@sgf1960m#445.794#446.124
272,общем-то,общий-то,DET,_,Case=Loc|Gender=Masc|Number=Sing,_,_,_,@sgf1960m-words#@sgf1960m#446.124#446.454
273,если,если,SCONJ,_,_,_,_,_,@sgf1960m-words#@sgf1960m#446.454#446.784
274,не,не,PART,_,_,_,_,_,@sgf1960m-words#@sgf1960m#447.221#447.713
275,один,один,NUM,_,Animacy=Inan|Case=Nom|Gender=Masc,_,_,_,@sgf1960m-words#@sgf1960m#447.713#448.205
276,работал,работать,VERB,_,Aspect=Imp|Gender=Masc|Mood=Ind|Number=Sing|Tense=Past|VerbForm=Fin|Voice=Act,_,_,_,@sgf1960m-words#@sgf1960m#448.205#448.698
277,вот,вот,PART,_,_,_,_,_,@sgf1960m-words#@sgf1960m#449.267#449.551
278,рассказывали,рассказать,VERB,_,Aspect=Imp|Mood=Ind|Number=Plur|Tense=Past|VerbForm=Fin|Voice=Act,_,_,_,@sgf1960m-words#@sgf1960m#450.157#450.894
279,старики,старик,NOUN,_,Animacy=Anim|Case=Nom|Gender=Masc|Number=Plur,_,_,_,@sgf1960m-words#@sgf1960m#450.894#451.631
280,что,что,SCONJ,_,_,_,_,_,@sgf1960m-words#@sgf1960m#451.631#452.368
281,раньше,рано,ADV,_,Degree=Cmp,_,_,_,@sgf1960m-words#@sgf1960m#453.505#453.931
282,можно,можно,ADV,_,Degree=Pos,_,_,_,@sgf1960m-words#@sgf1960m#453.931#454.357
283,было,быть,AUX,_,Aspect=Imp|Gender=Neut|Mood=Ind|Number=Sing|Tense=Past|VerbForm=Fin|Voice=Act,_,_,_,@sgf1960m-words#@sgf1960m#454.357#454.783
284,если,если,SCONJ,_,_,_,_,_,@sgf1960m-words#@sgf1960m#454.783#455.212
285,вот,вот,PART,_,_,_,_,_,@sgf1960m-words#@sgf1960m#456.556#456.936
286,гончар,гончар,NOUN,_,Animacy=Anim|Case=Nom|Gender=Masc|Number=Sing,_,_,_,@sgf1960m-words#@sgf1960m#456.936#457.316
287,и,и,CCONJ,_,_,_,_,_,@sgf1960m-words#@sgf1960m#457.316#457.696
288,сын,сын,NOUN,_,Animacy=Anim|Case=Nom|Gender=Masc|Number=Sing,_,_,_,@sgf1960m-words#@sgf1960m#457.696#458.076
289,ему,он,PRON,_,Case=Dat|Gender=Masc|Number=Sing|Person=3,_,_,_,@sgf1960m-words#@sgf1960m#458.076#458.456
290,помогал,помогать,VERB,_,Aspect=Imp|Gender=Masc|Mood=Ind|Number=Sing|Tense=Past|VerbForm=Fin|Voice=Act,_,_,_,@sgf1960m-words#@sgf1960m#458.456#458.84
291,вдвоем,вдвоем,ADV,_,Degree=Pos,_,_,_,@sgf1960m-words#@sgf1960m#459.613#460.16
292,они,они,PRON,_,Case=Nom|Number=Plur|Person=3,_,_,_,@sgf1960m-words#@sgf1960m#460.16#460.707
293,за,за,ADP,_,_,_,_,_,@sgf1960m-words#@sgf1960m#460.707#461.254
294,зиму,зима,NOUN,_,Animacy=Inan|Case=Acc|Gender=Fem|Number=Sing,_,_,_,@sgf1960m-words#@sgf1960m#461.254#461.801
295,могли,мочь,VERB,_,Aspect=Imp|Mood=Ind|Number=Plur|Tense=Past|VerbForm=Fin|Voice=Act,_,_,_,@sgf1960m-words#@sgf1960m#461.801#462.348
296,заработать,заработать,VERB,_,Aspect=Perf|VerbForm=Inf|Voice=Act,_,_,_,@sgf1960m-words#@sgf1960m#462.348#462.895
297,сыну,сын,NOUN,_,Animacy=Anim|Case=Dat|Gender=Masc|Number=Sing,_,_,_,@sgf1960m-words#@sgf1960m#462.895#463.442
298,на,на,ADP,_,_,_,_,_,@sgf1960m-words#@sgf1960m#463.442#463.989
299,новый,новый,ADJ,_,Animacy=Inan|Case=Acc|Degree=Pos|Gender=Masc|Number=Sing,_,_,_,@sgf1960m-words#@sgf1960m#463.989#464.536
300,дом,дом,NOUN,_,Animacy=Inan|Case=Acc|Gender=Masc|Number=Sing,_,_,_,@sgf1960m-words#@sgf1960m#464.536#465.083
301,если,если,SCONJ,_,_,_,_,_,@sgf1960m-words#@sgf1960m#465.083#465.63
302,он,он,PRON,_,Case=Nom|Gender=Masc|Number=Sing|Person=3,_,_,_,@sgf1960m-words#@sgf1960m#465.63#466.177
303,женится,жениться,VERB,_,Aspect=Imp|Mood=Ind|Number=Sing|Person=3|Tense=Pres|VerbForm=Fin|Voice=Mid,_,_,_,@sgf1960m-words#@sgf1960m#466.177#466.724
304,то,то,SCONJ,_,_,_,_,_,@sgf1960m-words#@sgf1960m#466.724#467.271
305,нанять,нанять,VERB,_,Aspect=Perf|VerbForm=Inf|Voice=Act,_,_,_,@sgf1960m-words#@sgf1960m#467.271#467.818
306,мужиков,мужик,NOUN,_,Animacy=Anim|Case=Acc|Gender=Masc|Number=Plur,_,_,_,@sgf1960m-words#@sgf1960m#467.818#468.365
307,купить,купить,VERB,_,Aspect=Perf|VerbForm=Inf|Voice=Act,_,_,_,@sgf1960m-words#@sgf1960m#468.365#468.912
308,брёвен,бевно,NOUN,_,Animacy=Inan|Case=Gen|Gender=Neut|Number=Sing,_,_,_,@sgf1960m-words#@sgf1960m#468.912#469.459
309,и,и,CCONJ,_,_,_,_,_,@sgf1960m-words#@sgf1960m#469.459#470.006
310,и,и,PART,_,_,_,_,_,@sgf1960m-words#@sgf1960m#470.006#470.553
311,срубить,срубить,VERB,_,Aspect=Perf|VerbForm=Inf|Voice=Act,_,_,_,@sgf1960m-words#@sgf1960m#470.553#471.1
312,ему,он,PRON,_,Case=Dat|Gender=Masc|Number=Sing|Person=3,_,_,_,@sgf1960m-words#@sgf1960m#471.1#471.647
313,дом,дом,NOUN,_,Animacy=Inan|Case=Acc|Gender=Masc|Number=Sing,_,_,_,@sgf1960m-words#@sgf1960m#471.647#472.194
314,если,если,SCONJ,_,_,_,_,_,@sgf1960m-words#@sgf1960m#472.194#472.741
315,он,он,PRON,_,Case=Nom|Gender=Masc|Number=Sing|Person=3,_,_,_,@sgf1960m-words#@sgf1960m#472.741#473.288
316,собрался,собраться,VERB,_,Aspect=Perf|Gender=Masc|Mood=Ind|Number=Sing|Tense=Past|VerbForm=Fin|Voice=Mid,_,_,_,@sgf1960m-words#@sgf1960m#473.288#473.835
317,жениться,жениться,VERB,_,Aspect=Imp|VerbForm=Inf|Voice=Mid,_,_,_,@sgf1960m-words#@sgf1960m#473.835#474.401
318,но,но,CCONJ,_,_,_,_,_,@sgf1960m-words#@sgf1960m#476.819#477.171
319,в,в,ADP,_,_,_,_,_,@sgf1960m-words#@sgf1960m#477.171#477.523
320,наше,наш,DET,_,Case=Acc|Gender=Neut|Number=Sing,_,_,_,@sgf1960m-words#@sgf1960m#477.523#477.875
321,время,время,NOUN,_,Animacy=Inan|Case=Acc|Gender=Neut|Number=Sing,_,_,_,@sgf1960m-words#@sgf1960m#477.875#478.227
322,так,так,ADV,_,Degree=Pos,_,_,_,@sgf1960m-words#@sgf1960m#478.227#478.579
323,не,не,PART,_,_,_,_,_,@sgf1960m-words#@sgf1960m#478.579#478.931
324,заработаешь,заработать,VERB,_,Aspect=Perf|Mood=Ind|Number=Sing|Person=2|Tense=Fut|VerbForm=Fin|Voice=Act,_,_,_,@sgf1960m-words#@sgf1960m#478.931#479.283
325,конечно,конечно,ADV,_,Degree=Pos,_,_,_,@sgf1960m-words#@sgf1960m#479.283#479.635
326,сейчас,сейчас,ADV,_,Degree=Pos,_,_,_,@sgf1960m-words#@sgf1960m#479.635#479.987
327,новый,новый,ADJ,_,Case=Nom|Degree=Pos|Gender=Masc|Number=Sing,_,_,_,@sgf1960m-words#@sgf1960m#479.987#480.339
328,дом,дом,NOUN,_,Animacy=Inan|Case=Nom|Gender=Masc|Number=Sing,_,_,_,@sgf1960m-words#@sgf1960m#480.339#480.691
329,стоит,стоить,VERB,_,Aspect=Imp|Mood=Ind|Number=Sing|Person=3|Tense=Pres|VerbForm=Fin|Voice=Act,_,_,_,@sgf1960m-words#@sgf1960m#480.691#481.043
330,очень,очень,ADV,_,Degree=Pos,_,_,_,@sgf1960m-words#@sgf1960m#481.043#481.395
331,дорого,дорого,ADV,_,Degree=Pos,_,_,_,@sgf1960m-words#@sgf1960m#481.395#481.754
332,а,а,CCONJ,_,_,_,_,_,@sgf1960m-words#@sgf1960m#482.63#482.951
333,столько,столько,ADV,_,Degree=Pos,_,_,_,@sgf1960m-words#@sgf1960m#484.705#485.23
334,не,не,PART,_,_,_,_,_,@sgf1960m-words#@sgf1960m#485.23#485.755
335,накрутишь,накрутить,VERB,_,Aspect=Perf|Mood=Ind|Number=Sing|Person=2|Tense=Fut|VerbForm=Fin|Voice=Act,_,_,_,@sgf1960m-words#@sgf1960m#485.755#486.28
336,посуды,посуда,NOUN,_,Animacy=Inan|Case=Gen|Gender=Fem|Number=Sing,_,_,_,@sgf1960m-words#@sgf1960m#486.28#486.805
337,не,не,PART,_,_,_,_,_,@sgf1960m-words#@sgf1960m#486.805#487.33
338,сделаешь,сделать,VERB,_,Aspect=Perf|Mood=Ind|Number=Sing|Person=2|Tense=Fut|VerbForm=Fin|Voice=Act,_,_,_,@sgf1960m-words#@sgf1960m#487.33#487.855
339,чтобы,чтобы,SCONJ,_,Mood=Cnd,_,_,_,@sgf1960m-words#@sgf1960m#487.855#488.38
340,можно,можно,ADV,_,Degree=Pos,_,_,_,@sgf1960m-words#@sgf1960m#488.38#488.905
341,было,быть,VERB,_,Aspect=Imp|Gender=Neut|Mood=Ind|Number=Sing|Tense=Past|VerbForm=Fin|Voice=Act,_,_,_,@sgf1960m-words#@sgf1960m#488.905#489.43
342,новый,новый,ADJ,_,Animacy=Inan|Case=Acc|Degree=Pos|Gender=Masc|Number=Sing,_,_,_,@sgf1960m-words#@sgf1960m#489.43#489.955
343,дом,дом,NOUN,_,Animacy=Inan|Case=Acc|Gender=Masc|Number=Sing,_,_,_,@sgf1960m-words#@sgf1960m#489.955#490.48
344,построить,построить,VERB,_,Aspect=Perf|VerbForm=Inf|Voice=Act,_,_,_,@sgf1960m-words#@sgf1960m#490.48#491.008
345,вот,вот,PART,_,_,_,_,_,@sgf1960m-words#@sgf1960m#492.439#492.898
346,ну,ну,PART,_,_,_,_,_,@sgf1960m-words#@sgf1960m#493.985#494.468
347,сколько,сколько,NUM,_,_,_,_,_,@sgf1960m-words#@sgf1960m#494.468#494.951
348,стоило,стоить,VERB,_,Aspect=Imp|Gender=Neut|Mood=Ind|Number=Sing|Tense=Past|VerbForm=Fin|Voice=Act,_,_,_,@sgf1960m-words#@sgf1960m#494.951#495.434
349,раньше,ранее,ADV,_,Degree=Cmp,_,_,_,@sgf1960m-words#@sgf1960m#496.196#496.82
350,в,в,ADP,_,_,_,_,_,@sgf1960m-words#@sgf1960m#498.31#498.834
351,голодные,голодный,ADJ,_,Animacy=Inan|Case=Acc|Degree=Pos|Number=Plur,_,_,_,@sgf1960m-words#@sgf1960m#498.834#499.358
352,годы,год,NOUN,_,Animacy=Inan|Case=Acc|Gender=Masc|Number=Plur,_,_,_,@sgf1960m-words#@sgf1960m#499.358#499.882
353,когда,когда,SCONJ,_,_,_,_,_,@sgf1960m-words#@sgf1960m#499.882#500.406
354,деньги,деньги,NOUN,_,Animacy=Inan|Case=Acc|Gender=Fem|Number=Plur,_,_,_,@sgf1960m-words#@sgf1960m#500.406#500.93
355,никто,никто,PRON,_,Case=Nom,_,_,_,@sgf1960m-words#@sgf1960m#500.93#501.454
356,не,не,PART,_,_,_,_,_,@sgf1960m-words#@sgf1960m#501.454#501.978
357,хотел,хотеть,VERB,_,Aspect=Imp|Gender=Masc|Mood=Ind|Number=Sing|Tense=Past|VerbForm=Fin|Voice=Act,_,_,_,@sgf1960m-words#@sgf1960m#501.978#502.502
358,платить,платить,VERB,_,Aspect=Imp|VerbForm=Inf|Voice=Act,_,_,_,@sgf1960m-words#@sgf1960m#502.502#503.026
359,за,за,ADP,_,_,_,_,_,@sgf1960m-words#@sgf1960m#504.705#505.439
360,горшки,горшок,NOUN,_,Animacy=Inan|Case=Acc|Gender=Masc|Number=Plur,_,_,_,@sgf1960m-words#@sgf1960m#505.439#506.173
361,то,то,SCONJ,_,_,_,_,_,@sgf1960m-words#@sgf1960m#507.315#507.572
362,старались,стараться,VERB,_,Aspect=Imp|Mood=Ind|Number=Plur|Tense=Past|VerbForm=Fin|Voice=Mid,_,_,_,@sgf1960m-words#@sgf1960m#508.705#509.102
363,на,на,ADP,_,_,_,_,_,@sgf1960m-words#@sgf1960m#509.102#509.499
364,обмен,обмен,NOUN,_,Animacy=Inan|Case=Acc|Gender=Masc|Number=Sing,_,_,_,@sgf1960m-words#@sgf1960m#509.499#509.897
365,эти,этот,DET,_,Case=Acc|Number=Plur,_,_,_,@sgf1960m-words#@sgf1960m#510.994#511.547
366,горшки,горшок,NOUN,_,Animacy=Inan|Case=Acc|Gender=Masc|Number=Plur,_,_,_,@sgf1960m-words#@sgf1960m#511.547#512.1
367,приобрести,приобрести,VERB,_,Aspect=Perf|VerbForm=Inf|Voice=Act,_,_,_,@sgf1960m-words#@sgf1960m#512.1#512.655
368,ээ,ээ,INTJ,_,_,_,_,_,@sgf1960m-words#@sgf1960m#513.35#513.801
369,вот,вот,PART,_,_,_,_,_,@sgf1960m-words#@sgf1960m#513.801#514.253
370,бабулька,бабулька,NOUN,_,Animacy=Anim|Case=Nom|Gender=Fem|Number=Sing,_,_,_,@sgf1960m-words#@sgf1960m#514.999#515.489
371,одна,один,DET,_,Case=Nom|Degree=Pos|Gender=Fem|Number=Sing,_,_,_,@sgf1960m-words#@sgf1960m#515.489#515.979
372,рассказывала,рассказывать,VERB,_,Aspect=Imp|Gender=Fem|Mood=Ind|Number=Sing|Tense=Past|VerbForm=Fin|Voice=Act,_,_,_,@sgf1960m-words#@sgf1960m#515.979#516.469
373,что,что,SCONJ,_,_,_,_,_,@sgf1960m-words#@sgf1960m#516.469#516.961
374,мужики,мужик,NOUN,_,Animacy=Anim|Case=Nom|Gender=Masc|Number=Plur,_,_,_,@sgf1960m-words#@sgf1960m#518.357#518.794
375,на,на,ADP,_,_,_,_,_,@sgf1960m-words#@sgf1960m#518.794#519.231
376,фронт,фронт,NOUN,_,Animacy=Inan|Case=Acc|Gender=Masc|Number=Sing,_,_,_,@sgf1960m-words#@sgf1960m#519.231#519.668
377,ушли,уйти,VERB,_,Aspect=Perf|Mood=Ind|Number=Plur|Tense=Past|VerbForm=Fin|Voice=Act,_,_,_,@sgf1960m-words#@sgf1960m#519.668#520.107
378,мы,мы,PRON,_,Case=Nom|Number=Plur|Person=1,_,_,_,@sgf1960m-words#@sgf1960m#521.702#522.074
379,с,с,ADP,_,_,_,_,_,@sgf1960m-words#@sgf1960m#522.074#522.446
380,бабами,баба,NOUN,_,Animacy=Anim|Case=Ins|Gender=Fem|Number=Plur,_,_,_,@sgf1960m-words#@sgf1960m#522.446#522.818
381,там,там,ADV,_,Degree=Pos,_,_,_,@sgf1960m-words#@sgf1960m#522.818#523.19
382,накрутим,накрутить,VERB,_,Aspect=Perf|Mood=Ind|Number=Plur|Person=1|Tense=Fut|VerbForm=Fin|Voice=Act,_,_,_,@sgf1960m-words#@sgf1960m#523.19#523.562
383,каждая,каждый,DET,_,Case=Nom|Gender=Fem|Number=Sing,_,_,_,@sgf1960m-words#@sgf1960m#523.562#523.934
384,ско,ско...,X,_,_,_,_,_,@sgf1960m-words#@sgf1960m#523.934#524.306
385,какие,какой,DET,_,Case=Acc|Number=Plur,_,_,_,@sgf1960m-words#@sgf1960m#524.306#524.678
386,ээ,ээ,INTJ,_,_,_,_,_,@sgf1960m-words#@sgf1960m#524.678#525.05
387,по,по,ADP,_,_,_,_,_,@sgf1960m-words#@sgf1960m#525.05#525.422
388,памяти,память,NOUN,_,Animacy=Inan|Case=Gen|Gender=Fem|Number=Sing,_,_,_,@sgf1960m-words#@sgf1960m#525.422#525.794
389,как,как,SCONJ,_,_,_,_,_,@sgf1960m-words#@sgf1960m#525.794#526.166
390,мужик,мужик,NOUN,_,Animacy=Anim|Case=Nom|Gender=Masc|Number=Sing,_,_,_,@sgf1960m-words#@sgf1960m#526.166#526.538
391,делал,делать,VERB,_,Aspect=Imp|Gender=Masc|Mood=Ind|Number=Sing|Tense=Past|VerbForm=Fin|Voice=Act,_,_,_,@sgf1960m-words#@sgf1960m#526.538#526.922
392,на,на,ADP,_,_,_,_,_,@sgf1960m-words#@sgf1960m#527.852#528.476
393,накрутим,накрутить,VERB,_,Aspect=Perf|Mood=Ind|Number=Plur|Person=1|Tense=Fut|VerbForm=Fin|Voice=Act,_,_,_,@sgf1960m-words#@sgf1960m#528.476#529.1
394,наобжигаем,наобжигать,VERB,_,Aspect=Imp|Mood=Ind|Number=Plur|Person=1|Tense=Pres|VerbForm=Fin|Voice=Act,_,_,_,@sgf1960m-words#@sgf1960m#529.1#529.726
395,и,и,CCONJ,_,_,_,_,_,@sgf1960m-words#@sgf1960m#530.931#531.411
396,на,на,ADP,_,_,_,_,_,@sgf1960m-words#@sgf1960m#531.411#531.891
397,саночках,саночки,NOUN,_,Animacy=Inan|Case=Loc|Gender=Masc|Number=Plur,_,_,_,@sgf1960m-words#@sgf1960m#531.891#532.371
398,попёрли,попереть,VERB,_,Aspect=Perf|Mood=Ind|Number=Plur|Tense=Past|VerbForm=Fin|Voice=Act,_,_,_,@sgf1960m-words#@sgf1960m#532.371#532.851
399,через,через,ADP,_,_,_,_,_,@sgf1960m-words#@sgf1960m#532.851#533.331
400,бабаевские,бабаевский,ADJ,_,Animacy=Inan|Case=Acc|Degree=Pos|Number=Plur,_,_,_,@sgf1960m-words#@sgf1960m#533.331#533.811
401,болота,болото,NOUN,_,Animacy=Inan|Case=Acc|Gender=Neut|Number=Plur,_,_,_,@sgf1960m-words#@sgf1960m#533.811#534.296
402,вот,вот,PART,_,_,_,_,_,@sgf1960m-words#@sgf1960m#536.058#536.414
403,в,в,ADP,_,_,_,_,_,@sgf1960m-words#@sgf1960m#537.028#537.409
404,другой,другой,ADJ,_,Animacy=Inan|Case=Acc|Degree=Pos|Gender=Masc|Number=Sing,_,_,_,@sgf1960m-words#@sgf1960m#537.409#537.79
405,район,район,NOUN,_,Animacy=Inan|Case=Acc|Gender=Masc|Number=Sing,_,_,_,@sgf1960m-words#@sgf1960m#537.79#538.172
406,зимой,зима,NOUN,_,Animacy=Inan|Case=Ins|Gender=Fem|Number=Sing,_,_,_,@sgf1960m-words#@sgf1960m#540.206#540.791
407,тащат,тащить,VERB,_,Aspect=Imp|Mood=Ind|Number=Plur|Person=3|Tense=Pres|VerbForm=Fin|Voice=Act,_,_,_,@sgf1960m-words#@sgf1960m#541.489#541.934
408,эти,этот,DET,_,Case=Acc|Number=Plur,_,_,_,@sgf1960m-words#@sgf1960m#541.934#542.379
409,саночки,саночки,NOUN,_,Animacy=Inan|Case=Acc|Gender=Masc|Number=Plur,_,_,_,@sgf1960m-words#@sgf1960m#542.379#542.824
410,за,за,ADP,_,_,_,_,_,@sgf1960m-words#@sgf1960m#542.824#543.269
411,собой,себя,PRON,_,Case=Ins,_,_,_,@sgf1960m-words#@sgf1960m#543.269#543.717
412,вот,вот,PART,_,_,_,_,_,@sgf1960m-words#@sgf1960m#544.535#545.001
413,я,я,PRON,_,Case=Nom|Number=Sing|Person=1,_,_,_,@sgf1960m-words#@sgf1960m#545.567#546.06
414,говорю,говорить,VERB,_,Aspect=Imp|Mood=Ind|Number=Sing|Person=1|Tense=Pres|VerbForm=Fin|Voice=Act,_,_,_,@sgf1960m-words#@sgf1960m#546.06#546.553
415,дак,так,ADV,_,Degree=Pos,_,_,_,@sgf1960m-words#@sgf1960m#546.553#547.046
416,вы,вы,PRON,_,Case=Nom|Number=Plur|Person=2,_,_,_,@sgf1960m-words#@sgf1960m#547.046#547.539
417,это,это,PART,_,_,_,_,_,@sgf1960m-words#@sgf1960m#547.539#548.032
418,там,там,ADV,_,Degree=Pos,_,_,_,@sgf1960m-words#@sgf1960m#548.032#548.525
419,где-то,где-то,ADV,_,Degree=Pos,_,_,_,@sgf1960m-words#@sgf1960m#548.525#549.018
420,сорок,сорок,NUM,_,Case=Acc,_,_,_,@sgf1960m-words#@sgf1960m#549.018#549.511
421,вот,вот,PART,_,_,_,_,_,@sgf1960m-words#@sgf1960m#549.511#550.004
422,пятьдесят,пятьдесят,NUM,_,Case=Acc,_,_,_,@sgf1960m-words#@sgf1960m#550.004#550.497
423,километров,километр,NOUN,_,Animacy=Inan|Case=Gen|Gender=Masc|Number=Plur,_,_,_,@sgf1960m-words#@sgf1960m#550.497#550.99
424,вот,вот,PART,_,_,_,_,_,@sgf1960m-words#@sgf1960m#550.99#551.483
425,мы,мы,PRON,_,Case=Nom|Number=Plur|Person=1,_,_,_,@sgf1960m-words#@sgf1960m#551.483#551.976
426,и,и,PART,_,_,_,_,_,@sgf1960m-words#@sgf1960m#551.976#552.469
427,шли,идти,VERB,_,Aspect=Imp|Mood=Ind|Number=Plur|Tense=Past|VerbForm=Fin|Voice=Act,_,_,_,@sgf1960m-words#@sgf1960m#552.469#552.974
428,вот,вот,PART,_,_,_,_,_,@sgf1960m-words#@sgf1960m#553.923#554.25
429,и,и,CCONJ,_,_,_,_,_,@sgf1960m-words#@sgf1960m#554.25#554.577
430,дак,так,ADV,_,Degree=Pos,_,_,_,@sgf1960m-words#@sgf1960m#555.505#556.079
431,говорю,говорить,VERB,_,Aspect=Imp|Mood=Ind|Number=Sing|Person=1|Tense=Pres|VerbForm=Fin|Voice=Act,_,_,_,@sgf1960m-words#@sgf1960m#556.079#556.653
432,по,по,ADP,_,_,_,_,_,@sgf1960m-words#@sgf1960m#556.653#557.227
433,болоту,болото,NOUN,_,Animacy=Inan|Case=Dat|Gender=Neut|Number=Sing,_,_,_,@sgf1960m-words#@sgf1960m#557.227#557.801
434,там,там,ADV,_,Degree=Pos,_,_,_,@sgf1960m-words#@sgf1960m#557.801#558.375
435,же,же,PART,_,_,_,_,_,@sgf1960m-words#@sgf1960m#558.375#558.949
436,ни,ни,CCONJ,_,_,_,_,_,@sgf1960m-words#@sgf1960m#558.949#559.523
437,дороги,дорога,NOUN,_,Animacy=Inan|Case=Gen|Gender=Fem|Number=Sing,_,_,_,@sgf1960m-words#@sgf1960m#559.523#560.097
438,ничего,ничто,PRON,_,Case=Gen,_,_,_,@sgf1960m-words#@sgf1960m#560.097#560.671
439,вот,вот,PART,_,_,_,_,_,@sgf1960m-words#@sgf1960m#560.671#561.245
440,и,и,PART,_,_,_,_,_,@sgf1960m-words#@sgf1960m#561.245#561.819
441,шли,идти,VERB,_,Aspect=Imp|Mood=Ind|Number=Plur|Tense=Past|VerbForm=Fin|Voice=Act,_,_,_,@sgf1960m-words#@sgf1960m#561.819#562.393
442,вот,вот,PART,_,_,_,_,_,@sgf1960m-words#@sgf1960m#562.393#562.967
443,сколько,сколько,NUM,_,_,_,_,_,@sgf1960m-words#@sgf1960m#562.967#563.541
444,на,на,ADP,_,_,_,_,_,@sgf1960m-words#@sgf1960m#563.541#564.115
445,саночки,саночки,NOUN,_,Animacy=Inan|Case=Acc|Gender=Masc|Number=Plur,_,_,_,@sgf1960m-words#@sgf1960m#564.115#564.689
446,нагрузят,нагрузить,VERB,_,Aspect=Perf|Mood=Ind|Number=Plur|Person=3|Tense=Pres|VerbForm=Fin|Voice=Act,_,_,_,@sgf1960m-words#@sgf1960m#564.689#565.263
447,этой,этот,DET,_,Case=Ins|Gender=Fem|Number=Sing,_,_,_,@sgf1960m-words#@sgf1960m#565.263#565.837
448,посуды,посуда,NOUN,_,Animacy=Inan|Case=Gen|Gender=Fem|Number=Sing,_,_,_,@sgf1960m-words#@sgf1960m#565.837#566.411
449,вот,вот,PART,_,_,_,_,_,@sgf1960m-words#@sgf1960m#566.411#566.985
450,вот,вот,PART,_,_,_,_,_,@sgf1960m-words#@sgf1960m#566.985#567.559
451,и,и,PART,_,_,_,_,_,@sgf1960m-words#@sgf1960m#567.559#568.133
452,тащили,тащить,VERB,_,Aspect=Imp|Mood=Ind|Number=Plur|Tense=Past|VerbForm=Fin|Voice=Act,_,_,_,@sgf1960m-words#@sgf1960m#568.133#568.715
453,а,а,CCONJ,_,_,_,_,_,@sgf1960m-words#@sgf1960m#569.911#570.386
454,она,она,PRON,_,Case=Nom|Gender=Fem|Number=Sing|Person=3,_,_,_,@sgf1960m-words#@sgf1960m#570.386#570.861
455,говорит,говорить,VERB,_,Aspect=Imp|Mood=Ind|Number=Sing|Person=3|Tense=Pres|VerbForm=Fin|Voice=Act,_,_,_,@sgf1960m-words#@sgf1960m#570.861#571.336
456,до,до,ADP,_,_,_,_,_,@sgf1960m-words#@sgf1960m#571.336#571.811
457,того,то,PRON,_,Animacy=Inan|Case=Gen|Gender=Neut|Number=Sing,_,_,_,@sgf1960m-words#@sgf1960m#571.811#572.286
458,дотащились,дотащиться,VERB,_,Aspect=Perf|Mood=Ind|Number=Plur|Tense=Past|VerbForm=Fin|Voice=Mid,_,_,_,@sgf1960m-words#@sgf1960m#572.286#572.761
459,что,что,SCONJ,_,_,_,_,_,@sgf1960m-words#@sgf1960m#572.761#573.236
460,у,у,ADP,_,_,_,_,_,@sgf1960m-words#@sgf1960m#573.236#573.711
461,одной,один,NUM,_,Case=Gen|Gender=Fem,_,_,_,@sgf1960m-words#@sgf1960m#573.711#574.186
462,даже,даже,PART,_,_,_,_,_,@sgf1960m-words#@sgf1960m#574.186#574.661
463,через,через,ADP,_,_,_,_,_,@sgf1960m-words#@sgf1960m#574.661#575.136
464,тулуп,тулуп,NOUN,_,Animacy=Inan|Case=Acc|Gender=Masc|Number=Sing,_,_,_,@sgf1960m-words#@sgf1960m#575.136#575.611
465,кожу,кожа,NOUN,_,Animacy=Inan|Case=Acc|Gender=Fem|Number=Sing,_,_,_,@sgf1960m-words#@sgf1960m#575.611#576.086
466,до,до,ADP,_,_,_,_,_,@sgf1960m-words#@sgf1960m#576.086#576.561
467,кости,кость,NOUN,_,Animacy=Inan|Case=Gen|Gender=Fem|Number=Sing,_,_,_,@sgf1960m-words#@sgf1960m#576.561#577.036
468,стёрло,стереть,VERB,_,Aspect=Perf|Gender=Neut|Mood=Ind|Number=Sing|Tense=Past|VerbForm=Fin|Voice=Act,_,_,_,@sgf1960m-words#@sgf1960m#577.036#577.511
469,лямкой,лямка,NOUN,_,Animacy=Inan|Case=Ins|Gender=Fem|Number=Sing,_,_,_,@sgf1960m-words#@sgf1960m#577.511#577.986
470,вот,вот,PART,_,_,_,_,_,@sgf1960m-words#@sgf1960m#577.986#578.461
471,на,на,ADP,_,_,_,_,_,@sgf1960m-words#@sgf1960m#578.461#578.936
472,плече,плечо,NOUN,_,Animacy=Inan|Case=Loc|Gender=Neut|Number=Sing,_,_,_,@sgf1960m-words#@sgf1960m#578.936#579.429
473,вот,вот,PART,_,_,_,_,_,@sgf1960m-words#@sgf1960m#580.497#580.938
474,никто,никто,PRON,_,Case=Nom,_,_,_,@sgf1960m-words#@sgf1960m#581.618#582.133
475,ей,она,PRON,_,Case=Dat|Gender=Fem|Number=Sing|Person=3,_,_,_,@sgf1960m-words#@sgf1960m#582.133#582.648
476,не,не,PART,_,_,_,_,_,@sgf1960m-words#@sgf1960m#582.648#583.163
477,мог,мочь,VERB,_,Aspect=Imp|Gender=Masc|Mood=Ind|Number=Sing|Tense=Past|VerbForm=Fin|Voice=Act,_,_,_,@sgf1960m-words#@sgf1960m#583.163#583.678
478,помочь,помочь,VERB,_,Aspect=Perf|VerbForm=Inf|Voice=Act,_,_,_,@sgf1960m-words#@sgf1960m#583.678#584.193
479,потому,потому,ADV,_,Degree=Pos,_,_,_,@sgf1960m-words#@sgf1960m#584.193#584.708
480,что,что,SCONJ,_,_,_,_,_,@sgf1960m-words#@sgf1960m#584.708#585.223
481,они,они,PRON,_,Case=Nom|Number=Plur|Person=3,_,_,_,@sgf1960m-words#@sgf1960m#585.223#585.738
482,если,если,SCONJ,_,_,_,_,_,@sgf1960m-words#@sgf1960m#585.738#586.253
483,втроём,втроем,ADV,_,_,_,_,_,@sgf1960m-words#@sgf1960m#586.253#586.768
484,шли,идти,VERB,_,Aspect=Imp|Mood=Ind|Number=Plur|Tense=Past|VerbForm=Fin|Voice=Act,_,_,_,@sgf1960m-words#@sgf1960m#586.768#587.283
485,то,то,SCONJ,_,_,_,_,_,@sgf1960m-words#@sgf1960m#587.283#587.798
486,у,у,ADP,_,_,_,_,_,@sgf1960m-words#@sgf1960m#587.798#588.313
487,каждой,каждый,DET,_,Case=Dat|Gender=Fem|Number=Sing,_,_,_,@sgf1960m-words#@sgf1960m#588.313#588.828
488,свои,свой,DET,_,Case=Acc|Number=Plur,_,_,_,@sgf1960m-words#@sgf1960m#588.828#589.343
489,саночки,саночки,NOUN,_,Animacy=Inan|Case=Acc|Gender=Masc|Number=Plur,_,_,_,@sgf1960m-words#@sgf1960m#589.343#589.858
490,а,а,CCONJ,_,_,_,_,_,@sgf1960m-words#@sgf1960m#589.858#590.373
491,детей,ребенок,NOUN,_,Animacy=Anim|Case=Acc|Gender=Masc|Number=Plur,_,_,_,@sgf1960m-words#@sgf1960m#590.373#590.888
492,кормить,кормить,VERB,_,Aspect=Imp|VerbForm=Inf|Voice=Act,_,_,_,@sgf1960m-words#@sgf1960m#590.888#591.403
493,надо,надо,ADV,_,Degree=Pos,_,_,_,@sgf1960m-words#@sgf1960m#591.403#591.918
494,вот,вот,PART,_,_,_,_,_,@sgf1960m-words#@sgf1960m#591.918#592.433
495,мы,мы,PRON,_,Case=Nom|Number=Plur|Person=1,_,_,_,@sgf1960m-words#@sgf1960m#592.433#592.948
496,пришли,прийти,VERB,_,Aspect=Perf|Mood=Ind|Number=Plur|Tense=Past|VerbForm=Fin|Voice=Act,_,_,_,@sgf1960m-words#@sgf1960m#592.948#593.463
497,потом,потом,ADV,_,Degree=Pos,_,_,_,@sgf1960m-words#@sgf1960m#593.463#593.978
498,в,в,ADP,_,_,_,_,_,@sgf1960m-words#@sgf1960m#593.978#594.493
499,те,тот,DET,_,Case=Acc|Number=Plur,_,_,_,@sgf1960m-words#@sgf1960m#594.493#595.008
500,селения,селение,NOUN,_,Animacy=Inan|Case=Acc|Gender=Neut|Number=Plur,_,_,_,@sgf1960m-words#@sgf1960m#595.008#595.523
501,а,а,CCONJ,_,_,_,_,_,@sgf1960m-words#@sgf1960m#595.523#596.038
502,те,тот,DET,_,Case=Nom|Number=Plur,_,_,_,@sgf1960m-words#@sgf1960m#596.038#596.553
503,норовят,норовить,VERB,_,Aspect=Imp|Mood=Ind|Number=Plur|Person=3|Tense=Pres|VerbForm=Fin|Voice=Act,_,_,_,@sgf1960m-words#@sgf1960m#596.553#597.068
504,платочками,платочек,NOUN,_,Animacy=Inan|Case=Ins|Gender=Masc|Number=Plur,_,_,_,@sgf1960m-words#@sgf1960m#597.068#597.583
505,там,там,ADV,_,Degree=Pos,_,_,_,@sgf1960m-words#@sgf1960m#597.583#598.098
506,какими-то,какой-то,DET,_,Case=Ins|Number=Plur,_,_,_,@sgf1960m-words#@sgf1960m#598.098#598.613
507,валенками,валенок,NOUN,_,Animacy=Inan|Case=Ins|Gender=Masc|Number=Plur,_,_,_,@sgf1960m-words#@sgf1960m#598.613#599.128
508,обувью,обувь,NOUN,_,Animacy=Inan|Case=Ins|Gender=Fem|Number=Sing,_,_,_,@sgf1960m-words#@sgf1960m#599.128#599.643
509,старой,старый,ADJ,_,Animacy=Inan|Case=Ins|Gender=Fem|Number=Sing,_,_,_,@sgf1960m-words#@sgf1960m#599.643#600.158
510,рассчитаться,рассчитаться,VERB,_,Aspect=Perf|VerbForm=Inf|Voice=Mid,_,_,_,@sgf1960m-words#@sgf1960m#600.158#600.673
511,а,а,CCONJ,_,_,_,_,_,@sgf1960m-words#@sgf1960m#600.673#601.188
512,нам,мы,PRON,_,Case=Dat|Number=Plur|Person=1,_,_,_,@sgf1960m-words#@sgf1960m#601.188#601.703
513,надо,надо,ADV,_,Degree=Pos,_,_,_,@sgf1960m-words#@sgf1960m#601.703#602.218
514,зерна,зерно,NOUN,_,Animacy=Inan|Case=Gen|Gender=Neut|Number=Sing,_,_,_,@sgf1960m-words#@sgf1960m#602.218#602.733
515,у,у,ADP,_,_,_,_,_,@sgf1960m-words#@sgf1960m#602.733#603.248
516,нас,мы,PRON,_,Case=Gen|Number=Plur|Person=1,_,_,_,@sgf1960m-words#@sgf1960m#603.248#603.763
517,неурожай,неурожай,NOUN,_,Animacy=Inan|Case=Nom|Gender=Masc|Number=Sing,_,_,_,@sgf1960m-words#@sgf1960m#603.763#604.278
518,был,быть,AUX,_,Aspect=Imp|Gender=Masc|Mood=Ind|Number=Sing|Tense=Past|VerbForm=Fin|Voice=Act,_,_,_,@sgf1960m-words#@sgf1960m#604.278#604.793
519,нам,мы,PRON,_,Case=Dat|Number=Plur|Person=1,_,_,_,@sgf1960m-words#@sgf1960m#604.793#605.308
520,надо,надо,ADV,_,Degree=Pos,_,_,_,@sgf1960m-words#@sgf1960m#605.308#605.823
521,было,быть,AUX,_,Aspect=Imp|Gender=Neut|Mood=Ind|Number=Sing|Tense=Past|VerbForm=Fin|Voice=Act,_,_,_,@sgf1960m-words#@sgf1960m#605.823#606.338
522,хлеба,хлеб,NOUN,_,Animacy=Inan|Case=Gen|Gender=Masc|Number=Sing,_,_,_,@sgf1960m-words#@sgf1960m#606.338#606.853
523,муки,мука,NOUN,_,Animacy=Inan|Case=Gen|Gender=Fem|Number=Sing,_,_,_,@sgf1960m-words#@sgf1960m#606.853#607.368
524,любого,любой,DET,_,Case=Gen|Gender=Neut|Number=Sing,_,_,_,@sgf1960m-words#@sgf1960m#607.368#607.883
525,зерна,зерно,NOUN,_,Animacy=Inan|Case=Gen|Gender=Neut|Number=Sing,_,_,_,@sgf1960m-words#@sgf1960m#607.883#608.433
526,вот,вот,PART,_,_,_,_,_,@sgf1960m-words#@sgf1960m#610.203#610.607
527,а,а,CCONJ,_,_,_,_,_,@sgf1960m-words#@sgf1960m#610.607#611.011
528,цена,цена,NOUN,_,Animacy=Inan|Case=Nom|Gender=Fem|Number=Sing,_,_,_,@sgf1960m-words#@sgf1960m#611.011#611.415
529,была,быть,AUX,_,Aspect=Imp|Gender=Fem|Mood=Ind|Number=Sing|Tense=Past|VerbForm=Fin|Voice=Act,_,_,_,@sgf1960m-words#@sgf1960m#611.415#611.819
530,такая,такой,DET,_,Case=Nom|Gender=Fem|Number=Sing,_,_,_,@sgf1960m-words#@sgf1960m#611.819#612.223
531,сколько,сколько,NUM,_,_,_,_,_,@sgf1960m-words#@sgf1960m#612.223#612.627
532,в,в,ADP,_,_,_,_,_,@sgf1960m-words#@sgf1960m#612.627#613.031
533,плошку,плошка,NOUN,_,Animacy=Inan|Case=Acc|Gender=Fem|Number=Sing,_,_,_,@sgf1960m-words#@sgf1960m#613.031#613.435
534,в,в,ADP,_,_,_,_,_,@sgf1960m-words#@sgf1960m#613.435#613.839
535,какую,какой,DET,_,Case=Acc|Gender=Fem|Number=Sing,_,_,_,@sgf1960m-words#@sgf1960m#613.839#614.243
536,посудину,посудина,NOUN,_,Animacy=Inan|Case=Acc|Gender=Fem|Number=Sing,_,_,_,@sgf1960m-words#@sgf1960m#614.243#614.647
537,влезет,влезть,VERB,_,Aspect=Perf|Mood=Ind|Number=Sing|Person=3|Tense=Fut|VerbForm=Fin|Voice=Act,_,_,_,@sgf1960m-words#@sgf1960m#614.647#615.051
538,столько,столько,ADV,_,Degree=Pos,_,_,_,@sgf1960m-words#@sgf1960m#615.051#615.455
539,зерна,зерно,NOUN,_,Animacy=Inan|Case=Gen|Gender=Neut|Number=Sing,_,_,_,@sgf1960m-words#@sgf1960m#615.455#615.859
540,и,и,CCONJ,_,_,_,_,_,@sgf1960m-words#@sgf1960m#615.859#616.263
541,стоит,стоить,VERB,_,Aspect=Imp|Mood=Ind|Number=Sing|Person=3|Tense=Pres|VerbForm=Fin|Voice=Act,_,_,_,@sgf1960m-words#@sgf1960m#616.263#616.667
542,эта,этот,DET,_,Case=Nom|Gender=Fem|Number=Sing,_,_,_,@sgf1960m-words#@sgf1960m#616.667#617.071
543,плошка,плошка,NOUN,_,Animacy=Inan|Case=Nom|Gender=Fem|Number=Sing,_,_,_,@sgf1960m-words#@sgf1960m#617.071#617.476